"","rownumber","covariates.formula","covariates.rownumber","R2c","R2m","Avrate_OR","Avrate_LCI","Avrate_UCI","R2_first_covariate","Pval_first_covariate","Model Covariates","n","avrate.n"
"1",1,"avrate","1",0.209188426356661,0.000714012684700751,1.20966747792573,0.967207636197863,1.51290721080686,0.190345510209389,0.0953517304142451,"1",1,1
"129",129,"avrate+meanIAT","129",0.209534723081743,0.000804359777004736,1.21216872599004,0.969090593320349,1.51621843241089,0.192411090820982,0.0919869576922077,"2",2,2
"9",9,"avrate+height","9",0.210191368219554,0.00309483457087397,1.23552726682629,0.988722829969065,1.54393888843348,0.211497815669848,0.0628554001523142,"2",3,3
"137",137,"avrate+height+meanIAT","137",0.210569264728045,0.00320027587480985,1.23869446939608,0.991141192579328,1.54807811440006,0.21405797772271,0.0598711926681228,"3",4,4
"17",17,"avrate+weight","17",0.210259370632537,0.00364842248792577,1.21959893874311,0.976415948922609,1.52334829539046,0.198522065963586,0.0801835717585224,"2",5,5
"145",145,"avrate+weight+meanIAT","145",0.210633481496456,0.00375283899024151,1.22242664252336,0.978566669607262,1.52705680947693,0.200837934450587,0.076875110024688,"3",6,6
"25",25,"avrate+height+weight","25",0.210344889833937,0.00375510245896927,1.22583567295408,0.98092453174707,1.53189470591632,0.203622793419647,0.073357611399262,"3",7,7
"153",153,"avrate+height+weight+meanIAT","153",0.210723958472898,0.00386135701629851,1.22893582306385,0.983281780237978,1.53596180419828,0.206148610395264,0.0700187179928649,"4",8,8
"3",3,"avrate+position","3",0.209613163669046,0.0129602449154576,1.26960701087521,1.01494444027281,1.58816768495252,0.238707412328248,0.0366329566539446,"2",9,9
"131",131,"avrate+position+meanIAT","131",0.209966310960086,0.0130495571909407,1.27268272080246,1.01726117425308,1.59223742026566,0.241127051120412,0.0348842909308298,"3",10,10
"11",11,"avrate+position+height","11",0.209843761443557,0.0132538556968878,1.27450085896466,1.01911303688114,1.59388839188318,0.242554618795878,0.0335114261138925,"3",11,11
"139",139,"avrate+position+height+meanIAT","139",0.210207905476946,0.0133470791620435,1.27783749441531,1.02164106243527,1.59828018094862,0.245169191700756,0.0317533577497731,"4",12,12
"19",19,"avrate+position+weight","19",0.210037410678557,0.0136987053653558,1.26727671279315,1.01359444475383,1.58445054143707,0.23687027748779,0.0376682515265193,"3",13,13
"27",27,"avrate+position+height+weight","27",0.210022538461458,0.0137147794727351,1.2653648075173,1.01164592998255,1.58271589757783,0.235360465993581,0.039267375470968,"4",14,14
"147",147,"avrate+position+weight+meanIAT","147",0.210401016045515,0.0137921816688756,1.2704547990473,1.01599926402317,1.58863835199145,0.239374945850662,0.0358031377146959,"4",15,15
"155",155,"avrate+position+height+weight+meanIAT","155",0.210385803552317,0.0138074861992487,1.26864553831035,1.0141212930051,1.58705029958055,0.237949826081633,0.0372787072696533,"5",16,16
"65",65,"avrate+age","65",0.213890148467301,0.0173300220502156,1.24398773990131,0.996353100619205,1.55316975082733,0.218322138883624,0.0538919117108943,"2",17,17
"193",193,"avrate+age+meanIAT","193",0.214214182709713,0.017430523919469,1.24624857025289,0.998018184126706,1.55621963964154,0.220137895053846,0.0520815071756862,"3",18,18
"81",81,"avrate+weight+age","81",0.214107013825694,0.0183524113129782,1.24906496761345,1.00119649349868,1.55829879893728,0.222395245493996,0.0487743036673254,"3",19,19
"209",209,"avrate+weight+age+meanIAT","209",0.214453063985051,0.0184611295399071,1.25156648150965,1.00305890000396,1.56164175167806,0.224395951940765,0.0469214031719509,"4",20,20
"73",73,"avrate+height+age","73",0.214338474528267,0.0186274960608625,1.26380111691868,1.01283171341077,1.57695818760085,0.234123939134862,0.038186370144071,"3",21,21
"89",89,"avrate+height+weight+age","89",0.21429993934982,0.0186600678708348,1.26013177932088,1.00968372623141,1.57270248098507,0.231216302257172,0.0408342899923913,"4",22,22
"201",201,"avrate+height+age+meanIAT","201",0.214698581513357,0.0187434172358112,1.26663946006666,1.01495736618506,1.58073193539978,0.236367298938817,0.0364990883485077,"4",23,23
"217",217,"avrate+height+weight+age+meanIAT","217",0.214659324495472,0.0187752171114431,1.26296483501585,1.01179924385607,1.57647891533068,0.23346200055466,0.0390508138880984,"5",24,24
"5",5,"avrate+yellowCards","5",0.170303742751893,0.0253483345765002,1.2694732699916,1.0242686252249,1.57337864651407,0.238602066400636,0.029336027579497,"2",25,25
"133",133,"avrate+yellowCards+meanIAT","133",0.170520219177091,0.0253720031492651,1.27186964059363,1.02601120209274,1.57664202823931,0.240487975856063,0.0282166253993896,"3",26,26
"67",67,"avrate+position+age","67",0.215338873939517,0.027112464040758,1.27701465873888,1.02180092946084,1.59597274930496,0.244525056028279,0.0315907765594824,"3",27,27
"195",195,"avrate+position+age+meanIAT","195",0.21566503855932,0.0272092060675221,1.27967286817897,1.02375625595898,1.59956302100389,0.246604473532321,0.0302957937689612,"4",28,28
"75",75,"avrate+position+height+age","75",0.215486888701843,0.0273520834837087,1.28177260815609,1.02588543854152,1.60148585533586,0.248243970032916,0.0288966819311357,"4",29,29
"83",83,"avrate+position+weight+age","83",0.215445944196685,0.0273643433469063,1.27515324842141,1.02063133598915,1.59314705479213,0.24306636622789,0.0323761593412665,"4",30,30
"91",91,"avrate+position+height+weight+age","91",0.215484724902089,0.0273959867336289,1.27823655942775,1.02280925964791,1.59745200431617,0.245481440099884,0.0309085693859137,"5",31,31
"203",203,"avrate+position+height+age+meanIAT","203",0.21582794499404,0.0274539959786894,1.28468704965059,1.02804651998973,1.60539507060091,0.250515147558279,0.0275784018146588,"5",32,32
"211",211,"avrate+position+weight+age+meanIAT","211",0.215780147362042,0.0274632751371286,1.27788485315565,1.02265041667549,1.59682103610076,0.24520625264393,0.0310065784166775,"5",33,33
"219",219,"avrate+position+height+weight+age+meanIAT","219",0.215824255439304,0.0274968211233511,1.2811483435346,1.02496179185867,1.60136806189139,0.247756819125334,0.0295131855718705,"6",34,34
"13",13,"avrate+yellowCards+height","13",0.171149578880207,0.0288068680488667,1.30124380859126,1.05156421170343,1.61020642444099,0.263320582888659,0.0154131114220726,"3",35,35
"141",141,"avrate+yellowCards+height+meanIAT","141",0.171403639194914,0.0288424394086755,1.30460016772746,1.05408258941634,1.61465677805847,0.265896608946046,0.0145209119529968,"4",36,36
"21",21,"avrate+yellowCards+weight","21",0.171499492517744,0.0289403856616636,1.27872554838087,1.03346983720643,1.58218360054117,0.245863916600099,0.0236366529657899,"3",37,37
"149",149,"avrate+yellowCards+weight+meanIAT","149",0.171747163155256,0.0289751982945172,1.28157706909584,1.03558676363403,1.58599920519331,0.248091404768517,0.0225162149990411,"4",38,38
"29",29,"avrate+yellowCards+height+weight","29",0.171477622813635,0.0293272058964886,1.29201201384808,1.04395540717807,1.59900991215715,0.256200703961206,0.0185002708447376,"4",39,39
"157",157,"avrate+yellowCards+height+weight+meanIAT","157",0.171730973585316,0.0293636518008771,1.29528749661869,1.04640032554634,1.60337268436984,0.258732675622969,0.0174739681001027,"5",40,40
"513",513,"avrate+victories","513",0.199770365213472,0.0339582020686506,1.29949631111825,1.03513938001541,1.63136549068859,0.261976736402224,0.0239719936723238,"2",41,41
"641",641,"avrate+meanIAT+victories","641",0.199534106962376,0.0340747311499512,1.30656039726051,1.04064201365426,1.6404297052115,0.267398033199752,0.0212740474700943,"3",42,42
"521",521,"avrate+height+victories","521",0.200444983046009,0.0363672234288494,1.32922234924804,1.06000512261779,1.66681463706244,0.284594071416564,0.0137157753041152,"3",43,43
"529",529,"avrate+weight+victories","529",0.200431633058601,0.0363954343896413,1.30879626595586,1.0439471995706,1.64083745469556,0.269107833833436,0.0196590859676254,"3",44,44
"649",649,"avrate+height+meanIAT+victories","649",0.200117437379394,0.0365030168496989,1.33745302428625,1.06646217295305,1.67730336578116,0.290767077142263,0.0118369013243675,"4",45,45
"657",657,"avrate+weight+meanIAT+victories","657",0.200162183146173,0.0365256197664716,1.31626712177414,1.04979209261413,1.65038310733438,0.274799792376992,0.0172662776530586,"4",46,46
"537",537,"avrate+height+weight+victories","537",0.200527173142468,0.0366803599191183,1.32092062190249,1.05322076020304,1.6566624541572,0.278328934334667,0.0160091096031328,"4",47,47
"665",665,"avrate+height+weight+meanIAT+victories","665",0.200223235009694,0.0368151536035757,1.32914035436885,1.05965732447925,1.6671560143086,0.284532383160775,0.0138476938355268,"5",48,48
"69",69,"avrate+yellowCards+age","69",0.177719058735524,0.0369441108359151,1.29388913504065,1.04388126224185,1.60377348874032,0.257652516241878,0.0186729299514321,"3",49,49
"197",197,"avrate+yellowCards+age+meanIAT","197",0.177919781527082,0.036981810399066,1.29598303446348,1.0453571795903,1.60669679073274,0.259269507152639,0.0180539472147666,"4",50,50
"7",7,"avrate+position+yellowCards","7",0.172978901698467,0.0378399367518174,1.33967075776916,1.08037755152658,1.66119495604648,0.292423880615512,0.00771339424485589,"3",51,51
"135",135,"avrate+position+yellowCards+meanIAT","135",0.173213748945664,0.0378674875664476,1.34279675697889,1.0826736371204,1.66541704603501,0.294754571002338,0.00729628597948801,"4",52,52
"15",15,"avrate+position+yellowCards+height","15",0.173142434100384,0.0382435590003322,1.34534111417293,1.08536624892296,1.66758706130776,0.296647597384029,0.00677570469790259,"4",53,53
"143",143,"avrate+position+yellowCards+height+meanIAT","143",0.173388718326856,0.0382756410955248,1.34881846229097,1.08794776370081,1.67224135654118,0.299228996109922,0.00636001528951109,"5",54,54
"23",23,"avrate+position+yellowCards+weight","23",0.173399947141477,0.038444167385735,1.33717673726235,1.07884034869756,1.65737370578901,0.290560478809393,0.00798254936949233,"4",55,55
"31",31,"avrate+position+yellowCards+height+weight","31",0.173376429571294,0.0384536855325371,1.33917305124788,1.08010284958073,1.6603830476743,0.29205229752781,0.00775785909720925,"5",56,56
"151",151,"avrate+position+yellowCards+weight+meanIAT","151",0.173644802093062,0.0384757649514744,1.34042475313739,1.08124208808431,1.66173564516601,0.292986543688563,0.00753022181157115,"5",57,57
"159",159,"avrate+position+yellowCards+height+weight+meanIAT","159",0.173620561385322,0.0384854857698323,1.34261711108685,1.0826490671379,1.66500924602338,0.294620777180502,0.00729265240005315,"6",58,58
"85",85,"avrate+yellowCards+weight+age","85",0.177851416937122,0.0387819189872342,1.29938109438156,1.0496981428206,1.60845404937023,0.261888069859877,0.0161518987682206,"4",59,59
"213",213,"avrate+yellowCards+weight+age+meanIAT","213",0.17807904556349,0.0388265423720906,1.30185390476394,1.05148584562051,1.61183680827292,0.263789329167924,0.0154922124249493,"5",60,60
"77",77,"avrate+yellowCards+height+age","77",0.177886916047756,0.0393746545173049,1.32066811223876,1.06699877232668,1.63464505107254,0.278137754185204,0.0105917327163831,"4",61,61
"205",205,"avrate+yellowCards+height+age+meanIAT","205",0.178131502087697,0.0394258571120395,1.32364352880686,1.06918330201785,1.6386640046152,0.28038818320246,0.0100503718904664,"5",62,62
"93",93,"avrate+yellowCards+height+weight+age","93",0.177901268845922,0.0394282470383782,1.31659149730572,1.06347244257488,1.62995588920084,0.275046197961307,0.0115735168531457,"5",63,63
"221",221,"avrate+yellowCards+height+weight+age+meanIAT","221",0.178144558213323,0.0394788545852362,1.31955066083807,1.06563654858138,1.63396605422006,0.277291270190164,0.0109914634875297,"6",64,64
"517",517,"avrate+yellowCards+victories","517",0.182497652527996,0.0395402570496432,1.31132050013986,1.05141743023775,1.63546979975235,0.271034644880661,0.016179565757681,"3",65,65
"645",645,"avrate+yellowCards+meanIAT+victories","645",0.182457183318103,0.0396507478211547,1.31771982420285,1.05636049528668,1.64374334599286,0.275902837005384,0.0144425169981605,"4",66,66
"577",577,"avrate+age+victories","577",0.204688129999172,0.0424723892748607,1.31866361127829,1.05022589999299,1.65571399421887,0.276618808061076,0.0172214682453101,"3",67,67
"533",533,"avrate+yellowCards+weight+victories","533",0.183113590895117,0.0425470973746027,1.3204244705518,1.06049965320645,1.64405596660068,0.27795325350603,0.0129495252201011,"4",68,68
"705",705,"avrate+age+meanIAT+victories","705",0.20455463116618,0.0426147303923271,1.32542138796942,1.05545883046707,1.66443427727955,0.281730437533957,0.0153313620400272,"4",69,69
"661",661,"avrate+yellowCards+weight+meanIAT+victories","661",0.183051047026747,0.0426737743963023,1.32726650923326,1.06581476342043,1.65285417972517,0.283121571080694,0.0114253008711054,"5",70,70
"525",525,"avrate+yellowCards+height+victories","525",0.182924078669983,0.0427374350066204,1.34424996244011,1.07962728163617,1.67373314129457,0.295836208766499,0.00817013535528389,"4",71,71
"653",653,"avrate+yellowCards+height+meanIAT+victories","653",0.182809720825756,0.0428733507532287,1.35189738685871,1.08559363746578,1.68352731770042,0.301509077446571,0.00706663002441107,"5",72,72
"541",541,"avrate+yellowCards+height+weight+victories","541",0.183089915427421,0.0430399592484762,1.33606967553293,1.0728622045754,1.66385037171213,0.289732226099574,0.00964687625968222,"5",73,73
"669",669,"avrate+yellowCards+height+weight+meanIAT+victories","669",0.182991439938263,0.0431740981929035,1.34368832684229,1.07879483147303,1.67362529650513,0.295418315537159,0.00836505092451139,"6",74,74
"593",593,"avrate+weight+age+victories","593",0.204679133685461,0.0436514496404065,1.32453878223178,1.05602437051136,1.66132812331453,0.281064309959511,0.0150342148292547,"4",75,75
"721",721,"avrate+weight+age+meanIAT+victories","721",0.204512106716413,0.0437985781594388,1.33164896166746,1.06155680655362,1.6704607291503,0.286417995093127,0.0132690296465966,"5",76,76
"585",585,"avrate+height+age+victories","585",0.204920609295328,0.0441198940017845,1.34398127939104,1.07144644915766,1.68583850436354,0.295636312979424,0.010564363817914,"4",77,77
"601",601,"avrate+height+weight+age+victories","601",0.204869191842769,0.0441279246651168,1.34001957928805,1.06804112015471,1.68125780832784,0.292684225265068,0.0114493375347495,"5",78,78
"713",713,"avrate+height+age+meanIAT+victories","713",0.20471006055683,0.0442777726362651,1.3518234224235,1.07756493502943,1.69588532997584,0.301454364374888,0.00916917253389368,"5",79,79
"729",729,"avrate+height+weight+age+meanIAT+victories","729",0.204667870509308,0.0442854655217976,1.34791459133856,1.07419249916531,1.6913856193887,0.298558650941689,0.00993924471433238,"6",80,80
"515",515,"avrate+position+victories","515",0.201913081205215,0.0458639659366133,1.36113181952387,1.08336595205572,1.71011450618771,0.308316573882846,0.00810746148919864,"3",81,81
"643",643,"avrate+position+meanIAT+victories","643",0.201635011728073,0.0460062507293195,1.36943190801587,1.08983101154069,1.72076563323412,0.314395988160598,0.00697083258221771,"4",82,82
"523",523,"avrate+position+height+victories","523",0.201993614161921,0.0461962229793958,1.36770140210974,1.08906350638454,1.71762905869738,0.313131522063681,0.00706026712811709,"4",83,83
"71",71,"avrate+position+yellowCards+age","71",0.179383148675822,0.0462383181508075,1.3404777321513,1.0804303739753,1.66311554513421,0.293026066956721,0.00774470371242731,"4",84,84
"199",199,"avrate+position+yellowCards+age+meanIAT","199",0.179599495428885,0.0462766843954485,1.34316851359278,1.08235325550631,1.66683256758268,0.295031385166942,0.007397378992131,"5",85,85
"651",651,"avrate+position+height+meanIAT+victories","651",0.201674498372715,0.0463427711633251,1.37650805455317,1.09595137063823,1.72888549164944,0.319549897056831,0.00599899626808323,"5",86,86
"531",531,"avrate+position+weight+victories","531",0.202075261912651,0.0463695861600719,1.3583679828394,1.08175034970201,1.70572034232433,0.306283966538193,0.00838039936816189,"4",87,87
"539",539,"avrate+position+height+weight+victories","539",0.202071668662894,0.0463761425423993,1.36055955922342,1.08311607302011,1.70907104077281,0.307896055734941,0.00814133792093281,"5",88,88
"659",659,"avrate+position+weight+meanIAT+victories","659",0.201781386063663,0.0465140300271955,1.36673738481503,1.08828447100358,1.71643639950908,0.312426428690035,0.00719248412631295,"5",89,89
"87",87,"avrate+position+yellowCards+weight+age","87",0.179519950312825,0.0465187801753383,1.3385240332891,1.07920320795265,1.66015684024092,0.291567539206767,0.00796123087021347,"5",90,90
"667",667,"avrate+position+height+weight+meanIAT+victories","667",0.201767850436982,0.0465202470887437,1.36939513721446,1.09001496097865,1.72038284698675,0.314369136664824,0.00692734143509935,"6",91,91
"215",215,"avrate+position+yellowCards+weight+age+meanIAT","215",0.179743675684148,0.0465593622259875,1.34130900381337,1.08120828734394,1.66398081181051,0.293646005654717,0.00758803584435457,"6",92,92
"79",79,"avrate+position+yellowCards+height+age","79",0.179474148721659,0.0466173027040851,1.34604650201308,1.08536402972162,1.66933962796461,0.29717177892671,0.00681349352534371,"5",93,93
"95",95,"avrate+position+yellowCards+height+weight+age","95",0.179498826576595,0.0466308365352031,1.34441734883896,1.08375709824539,1.66777039872262,0.29596072130724,0.00711496637622929,"6",94,94
"207",207,"avrate+position+yellowCards+height+age+meanIAT","207",0.179705144522513,0.0466608554002282,1.34908506322154,1.08756754954369,1.67348732368034,0.299426631739893,0.00645966042400187,"6",95,95
"223",223,"avrate+position+yellowCards+height+weight+age+meanIAT","223",0.179728657803164,0.0466739819866546,1.34747314032075,1.08596680222997,1.67195153678499,0.29823109063074,0.00674607307187832,"7",96,96
"581",581,"avrate+yellowCards+age+victories","581",0.187722209711108,0.0473494409740246,1.32883932972951,1.0650453636086,1.65797065981587,0.284305876809033,0.0117985655826013,"4",97,97
"709",709,"avrate+yellowCards+age+meanIAT+victories","709",0.187751268308277,0.0474762360763517,1.33488067782432,1.0696790866151,1.66583272153836,0.288841907950711,0.010587128008673,"5",98,98
"597",597,"avrate+yellowCards+weight+age+victories","597",0.187562933303809,0.0490230949567839,1.33476496034067,1.07131952635936,1.66299358456351,0.288755216681981,0.0100504419759039,"5",99,99
"725",725,"avrate+yellowCards+weight+age+meanIAT+victories","725",0.187568148711014,0.0491579764309228,1.34120481702911,1.07629084371475,1.67132366843664,0.293568327184991,0.00892762951042365,"6",100,100
"589",589,"avrate+yellowCards+height+age+victories","589",0.187630037757711,0.0497162719614528,1.35754173352069,1.08974491150778,1.69114766106179,0.305675515278403,0.00639975513272237,"5",101,101
"605",605,"avrate+yellowCards+height+weight+age+victories","605",0.18761153160316,0.0497341674779109,1.35353744838553,1.08627512924923,1.68655580418952,0.302721497502939,0.00698982164526824,"6",102,102
"717",717,"avrate+yellowCards+height+age+meanIAT+victories","717",0.187597571273498,0.0498650000058119,1.36475724792444,1.09533967001696,1.70044269987358,0.310976572473054,0.00557857224273073,"6",103,103
"733",733,"avrate+yellowCards+height+weight+age+meanIAT+victories","733",0.187585085392096,0.0498820598941469,1.36078957941862,1.09189027220403,1.69591059339366,0.308065104382525,0.00609547292526324,"7",104,104
"519",519,"avrate+position+yellowCards+victories","519",0.18521101938978,0.0515812185913386,1.37958185144889,1.10528751634809,1.72194660366339,0.321780447057002,0.00444033389761558,"4",105,105
"647",647,"avrate+position+yellowCards+meanIAT+victories","647",0.185144050345007,0.0517165745618883,1.38718701693878,1.11116849670741,1.73176959719927,0.327277967815495,0.003838034716984,"5",106,106
"527",527,"avrate+position+yellowCards+height+victories","527",0.185271289272803,0.052018842919491,1.38638938563897,1.11130678418157,1.72956338967004,0.326702803330349,0.00378887807359779,"5",107,107
"535",535,"avrate+position+yellowCards+weight+victories","535",0.185450013650922,0.0520867607094353,1.37676937104531,1.10357771449642,1.71758986807146,0.319739719186991,0.00460685739021833,"5",108,108
"543",543,"avrate+position+yellowCards+height+weight+victories","543",0.185406017754816,0.0521301408443005,1.38087316638302,1.10656609941215,1.72317831049553,0.322716028343407,0.00428783382792812,"6",109,109
"655",655,"avrate+position+yellowCards+height+meanIAT+victories","655",0.185172306381976,0.0521636416338783,1.39452101461407,1.11762720660606,1.74001567669937,0.332550997612645,0.00323273238164009,"6",110,110
"663",663,"avrate+position+yellowCards+weight+meanIAT+victories","663",0.185372804561871,0.0522269918158659,1.38445615634881,1.10953762798355,1.72749332741019,0.325307395629301,0.00397319721115858,"6",111,111
"671",671,"avrate+position+yellowCards+height+weight+meanIAT+victories","671",0.185312945829604,0.0522727994651743,1.38904176788483,1.11290624340097,1.73369234324032,0.328614133791535,0.0036614451681515,"7",112,112
"579",579,"avrate+position+age+victories","579",0.206261230723011,0.0523703886676382,1.3618781502376,1.083520364144,1.71174641240806,0.308864739876143,0.00810741824723657,"4",113,113
"707",707,"avrate+position+age+meanIAT+victories","707",0.206079830281357,0.0525248674074252,1.36974370272302,1.08961180438289,1.72189563622797,0.314623644034343,0.00703616703502399,"5",114,114
"595",595,"avrate+position+weight+age+victories","595",0.206229559727561,0.0526052818283352,1.35953149307231,1.08211932604292,1.70806105775261,0.307140150009505,0.00834583257749187,"5",115,115
"587",587,"avrate+position+height+age+victories","587",0.206281171755103,0.0526762693018514,1.36832009250639,1.08913204615262,1.71907518667791,0.31358377758025,0.00707535859805694,"5",116,116
"603",603,"avrate+position+height+weight+age+victories","603",0.206261568996122,0.0526875048280417,1.36502912521219,1.08622070788826,1.71540139047803,0.311175765561078,0.00759750996138971,"6",117,117
"723",723,"avrate+position+weight+age+meanIAT+victories","723",0.206033103742512,0.0527595806326675,1.36745637427483,1.08827194059271,1.71826256452632,0.312952352995131,0.00723160128766663,"6",118,118
"715",715,"avrate+position+height+age+meanIAT+victories","715",0.20606227426641,0.0528356476670513,1.37667986220696,1.09563455320959,1.72981715249319,0.319674703397119,0.00607091578175797,"6",119,119
"731",731,"avrate+position+height+weight+age+meanIAT+victories","731",0.206049106909851,0.0528459521983973,1.37346282433395,1.09277229902495,1.72625178320366,0.317335159811899,0.00651728184057155,"7",120,120
"583",583,"avrate+position+yellowCards+age+victories","583",0.189638575304023,0.0569609376995114,1.37896942955498,1.10403283095368,1.72237331565999,0.321336430004873,0.00462154422432682,"5",121,121
"711",711,"avrate+position+yellowCards+age+meanIAT+victories","711",0.189629447984384,0.0571007917994375,1.38612781717008,1.10953418096627,1.73167294752417,0.326514116696124,0.00403705077009692,"6",122,122
"599",599,"avrate+position+yellowCards+weight+age+victories","599",0.189672704872566,0.0572256178710189,1.37662187413044,1.1026011221786,1.71874284019406,0.319632580824236,0.00476610437024173,"6",123,123
"727",727,"avrate+position+yellowCards+weight+age+meanIAT+victories","727",0.189653853255592,0.0573678406526951,1.38385188064089,1.10817322370654,1.72811072004431,0.324870828809827,0.00415513746228191,"7",124,124
"591",591,"avrate+position+yellowCards+height+age+victories","591",0.189635251791565,0.0573733654412646,1.38564547741274,1.10996237666862,1.72980042335939,0.326166079745804,0.00395549949290411,"6",125,125
"607",607,"avrate+position+yellowCards+height+weight+age+victories","607",0.189648006077402,0.0573758295672969,1.38370345487671,1.10808809122597,1.72787278033052,0.324763567529508,0.00416241122846976,"7",126,126
"719",719,"avrate+position+yellowCards+height+age+meanIAT+victories","719",0.189597770668105,0.0575226918884361,1.3933191008548,1.11589211104301,1.73971847062553,0.331688743118873,0.00341244921862617,"7",127,127
"735",735,"avrate+position+yellowCards+height+weight+age+meanIAT+victories","735",0.189612113773551,0.0575246841613019,1.39145581759283,1.11407207792903,1.73790307707207,0.330350549839636,0.00358843588720727,"8",128,128
